www.algorithms4you.com,data,structures,data complexity,complexity,algorithms
www.machines.com,machine,learning,data,machinedata,processing
www.programmingforall.com,programming,complexity,procedural,objects,data,machinedata
www.dataandinformation.com,computers,speaker,phone,data,data structuers
www.programshub.com,visual studio,video player,gallery,videos,messenger
www.chatting.com,chat,call,video call,text,pictures,videos
www.games.com,FPS,games news,releases,RPG,cars,puzzles
www.finddevice.com,mobile,computer,laptop,search,ip address,locate
www.everything4sale.com,medicine,towels,sheets,chairs,sofa
www.designpage.com,design,page,modify,create page,insert
www.explore.com,roads,map,traffic,hiking,mountains,animals,nature